id,name,region,size_tier,current_placeholder_lat,current_placeholder_lng,real_address,real_lat,real_lng,source_url
north-kolkata-1,31 Pally Sadharan Durgotsab Samity,North Kolkata,Small,22.6054,88.38,,,,
north-kolkata-4,Aswiningar Sarbojanin Durgotsav,North Kolkata,Small,22.5978,88.3517,,,,
north-kolkata-5,Baghbazar Palli Puja O Pradarshani,North Kolkata,Big,22.6122,88.3837,,,,
north-kolkata-6,Bandhudal Durgotsob,North Kolkata,Medium,22.5982,88.3768,,,,
north-kolkata-12,Biswanath Apartment Sharodutsab,North Kolkata,Medium,22.5955,88.3577,,,,
north-kolkata-14,Calcutta Youth Forum,North Kolkata,Medium,22.613,88.3741,,,,
north-kolkata-15,Campbagan Sadharan Durgotsav,North Kolkata,Medium,22.5976,88.3871,,,,
north-kolkata-16,Chaltabagan Lohapatty Durga Puja,North Kolkata,Small,22.5806,88.3822,,,,
north-kolkata-17,Charer Palli Sarbojanin Durgotsab,North Kolkata,Medium,22.5966,88.355,,,,
north-kolkata-18,Chorebagan Sarbojanin Durgotsab Samity,North Kolkata,Medium,22.5911,88.3869,,,,
north-kolkata-20,Dakshin Rabindrapally Sarbojanin Durga Puja,North Kolkata,Medium,22.5759,88.383,,,,
north-kolkata-21,Darjeepara Sarbojanin Durgotsab Samity,North Kolkata,Medium,22.5894,88.3565,,,,
north-kolkata-22,Deshbandhunagar Sarbojanin Durgotsab,North Kolkata,Small,22.585,88.3542,,,,
north-kolkata-25,Durbar Mahila Samanya Committee,North Kolkata,Small,22.6159,88.3784,,,,
north-kolkata-27,Goabagan Sarodatsav Sammilani Durga Puja,North Kolkata,Medium,22.5889,88.3623,,,,
north-kolkata-29,Grey Street Sarbojanin Durga Puja,North Kolkata,Medium,22.5819,88.3687,,,,
north-kolkata-31,Hari Ghosh Street Sarbojanin,North Kolkata,Small,22.5948,88.3728,,,,
north-kolkata-32,Hari Ghosh Street Swamiji Sangha Sarbojanin Durga Puja,North Kolkata,Medium,22.6145,88.3793,,,,
north-kolkata-34,Hatibagan Nabinpally Sarbojanin Durgotsav,North Kolkata,Big,22.5844,88.3769,,,,
north-kolkata-36,Jokermath Sarbojonin Durga Puja,North Kolkata,Medium,22.6102,88.387,,,,
north-kolkata-40,Kumartuli Park Sarbojanin Durgotsab Committee,North Kolkata,Big,22.5904,88.3798,,,,
north-kolkata-41,Kumartuli Sarbojanin Durgotsab,North Kolkata,Medium,22.5781,88.3791,,,,
north-kolkata-43,Mahalla Sarbojanin Durgautsab Samity,North Kolkata,Small,22.6182,88.3756,,,,
north-kolkata-46,Mondal Para Sporting Club Durga Puja,North Kolkata,Small,22.5981,88.3859,,,,
north-kolkata-47,Nainan Para & Jogendra Basak Road Sarbojanin Shree Shree Durgapuja,North Kolkata,Medium,22.6172,88.39,,,,
north-kolkata-49,Nimta Boy's Athletic Club Sarbojanin Durgotsav,North Kolkata,Small,22.5933,88.3765,,,,
north-kolkata-58,Sammilita Lalabagan Sarbojanin Durga Puja,North Kolkata,Small,22.586,88.3734,,,,
north-kolkata-59,Sarkar Bagan Sammilita Sangha Durga Puja,North Kolkata,Medium,22.5835,88.3633,,,,
north-kolkata-60,Sater Palli Sarbojanin Durgotsav,North Kolkata,Medium,22.606,88.3852,,,,
north-kolkata-62,Signum Aristo Residential Puja,North Kolkata,Medium,22.6053,88.3652,,,,
north-kolkata-68,Tala Dakshin Pally Durgotsav Committee,North Kolkata,Medium,22.6031,88.3646,,,,
north-kolkata-70,Telengabagan Sarbojanin Durgotsab,North Kolkata,Small,22.5782,88.3702,,,,
north-kolkata-71,Ultadanga Jagarani Sangha Durga Puja,North Kolkata,Medium,22.5751,88.3673,,,,
north-kolkata-73,Ultadanga Sangrami Durga Puja,North Kolkata,Small,22.5746,88.3643,,,,
south-kolkata-75,21 Pally Sarbojanin Durgotsab Samiti,South Kolkata,Small,22.4866,88.3549,,,,
south-kolkata-76,22 Palli Sarodotsav,South Kolkata,Medium,22.503,88.3552,,,,
south-kolkata-77,25 Pally Durga Puja,South Kolkata,Medium,22.501,88.3419,,,,
south-kolkata-78,64 Pally Durgotsab Committee,South Kolkata,Small,22.4994,88.3499,,,,
south-kolkata-79,66 Pally Sarbojanin Durgotsab Committee,South Kolkata,Medium,22.5143,88.3289,,,,
south-kolkata-80,70 Pally Sarbojanin Durga Puja,South Kolkata,Medium,22.4958,88.3454,,,,
south-kolkata-83,Abasorika Durgotsav Committee,South Kolkata,Medium,22.4852,88.3538,,,,
south-kolkata-86,Agradut Udaya Sangha Durga Puja,South Kolkata,Medium,22.5067,88.35,,,,
south-kolkata-88,Avijan Gandhi Colony,South Kolkata,Medium,22.5084,88.3438,,,,
south-kolkata-93,Baishnabghata Paschimpara Sarbojanin Durgotsab,South Kolkata,Small,22.514,88.3593,,,,
south-kolkata-97,Bediadanga Sarbojanin Durgotsav Committee,South Kolkata,Medium,22.478,88.3395,,,,
south-kolkata-99,Bengal United Club Durga Puja,South Kolkata,Small,22.5128,88.3361,,,,
south-kolkata-100,Bhawanipore Mahapuja Samity,South Kolkata,Medium,22.4856,88.3494,,,,
south-kolkata-103,Bhowanipur 75 Palli Durga Puja,South Kolkata,Medium,22.5001,88.3372,,,,
south-kolkata-104,Bhowanipur Muktadal Durga Puja,South Kolkata,Medium,22.4935,88.3462,,,,
south-kolkata-105,Bhowanipur Ritwik Club Durga Puja Committee,South Kolkata,Small,22.4961,88.3696,,,,
south-kolkata-106,Bhowanipur Sarbojanin Durgotsav,South Kolkata,Medium,22.5113,88.366,,,,
south-kolkata-107,Bhowanipur Students Club Sarbojanin Durga Puja,South Kolkata,Medium,22.5223,88.3565,,,,
south-kolkata-108,Bhowanipur Swadhin Sangha Durga Puja,South Kolkata,Small,22.4814,88.3359,,,,
south-kolkata-109,Bhowanipur Udayan Club Durga Puja,South Kolkata,Medium,22.4865,88.348,,,,
south-kolkata-111,Bidhanpally Purbapara Sarbojanin,South Kolkata,Small,22.5015,88.337,,,,
south-kolkata-112,Bosepukur Talbagan Sarbojanin,South Kolkata,Big,22.4826,88.3567,,,,
south-kolkata-113,Brahmapur Harisava Sarbojanin Durgotsab,South Kolkata,Medium,22.4975,88.3691,,,,
south-kolkata-115,Chetla Sarbasadharaner Durgotsab,South Kolkata,Medium,22.4817,88.3287,,,,
south-kolkata-120,Dhakuria Pragati Sangha Durga Puja,South Kolkata,Small,22.518,88.3392,,,,
south-kolkata-123,Falguni Sangha Durga Puja,South Kolkata,Small,22.4876,88.3414,,,,
south-kolkata-125,Goala Para Five Star Sporting Club,South Kolkata,Medium,22.5196,88.3711,,,,
south-kolkata-131,Jubamaitry Kalighat Durga Puja,South Kolkata,Medium,22.5212,88.3279,,,,
south-kolkata-132,Kalighat Nepal Bhattacharjee Street Club,South Kolkata,Small,22.4887,88.3558,,,,
south-kolkata-135,Kasba Renaissance Club,South Kolkata,Small,22.4951,88.3426,,,,
south-kolkata-136,Kasba Shakti Sangha Pallybasi Durgotsav Samity,South Kolkata,Medium,22.4857,88.358,,,,
south-kolkata-137,Ketopole Sammilani Durga Puja,South Kolkata,Medium,22.5172,88.3498,,,,
south-kolkata-142,Kidderpore Jubaghosthi Durga Puja,South Kolkata,Medium,22.5145,88.3663,,,,
south-kolkata-143,Kidderpore Pally Saradiya Durga Puja,South Kolkata,Medium,22.507,88.3567,,,,
south-kolkata-145,Lake Youth Corner Durga Puja,South Kolkata,Medium,22.5193,88.3391,,,,
south-kolkata-146,Mahamayatala Sarbojanin Durgotsab,South Kolkata,Medium,22.5142,88.369,,,,
south-kolkata-148,Mohila Mahal Club Durga Puja,South Kolkata,Medium,22.4827,88.3603,,,,
south-kolkata-149,Monohar Pukur Baisakhi Sangha,South Kolkata,Medium,22.5068,88.3425,,,,
south-kolkata-155,New Santoshpur Adi Durgotsab,South Kolkata,Medium,22.4911,88.3336,,,,
south-kolkata-161,Patuli Sarbojanin Durgotsab,South Kolkata,Medium,22.4981,88.3329,,,,
south-kolkata-162,Peyarabagan Sarbojanin Durgotsab,South Kolkata,Small,22.518,88.3625,,,,
south-kolkata-163,Picnic Sunrise Club,South Kolkata,Medium,22.4976,88.3397,,,,
south-kolkata-168,Ramgarh Satapally Sarbojanin Durgotsav Committee,South Kolkata,Small,22.4931,88.3706,,,,
south-kolkata-169,Rashbehari Suhrid Sangha,South Kolkata,Medium,22.4826,88.359,,,,
south-kolkata-170,Russa Madhyapally Sarbojanin Durgotsav,South Kolkata,Medium,22.4883,88.3662,,,,
south-kolkata-171,Sahapur Suhrid Sangha Durga Puja Committee,South Kolkata,Small,22.5195,88.3489,,,,
south-kolkata-172,Sammilani Durga Puja,South Kolkata,Medium,22.5066,88.3601,,,,
south-kolkata-173,Sanghasree Kalighat Durga Puja,South Kolkata,Medium,22.4855,88.3603,,,,
south-kolkata-176,Santoshpur Trikon Park Durgotsab,South Kolkata,Medium,22.4804,88.3348,,,,
south-kolkata-177,Shibmandir Sarbojanin Durgotsab Samiti,South Kolkata,Small,22.4778,88.3342,,,,
south-kolkata-180,Sri Sri Sarbojanin Durga Puja,South Kolkata,Small,22.4794,88.3444,,,,
south-kolkata-183,Tulipians Durgotsav,South Kolkata,Small,22.5068,88.3303,,,,
south-kolkata-184,Udayan Kidderpore Durga Puja,South Kolkata,Medium,22.5028,88.3651,,,,
south-kolkata-185,Upohar Utsav Committee,South Kolkata,Medium,22.4991,88.3668,,,,
south-kolkata-187,Westend Park Sarbojanin Durga Puja,South Kolkata,Medium,22.505,88.3668,,,,
central-kolkata-189,37 Pally Sarbojanin Durgotsab,Central Kolkata,Medium,22.5789,88.3689,,,,
central-kolkata-190,47 Pally Jubak Brinda Durga Puja,Central Kolkata,Medium,22.5559,88.3689,,,,
central-kolkata-193,Entally Matribhumi Durga Puja,Central Kolkata,Medium,22.5438,88.3542,,,,
central-kolkata-194,Entally Sarbojanin Sri Sri Durga Puja,Central Kolkata,Small,22.5803,88.3414,,,,
central-kolkata-195,Interact Club of Chowringhee High School Sarbojanin Durga Puja,Central Kolkata,Medium,22.5728,88.3517,,,,
central-kolkata-198,Md. Ali Park Durga Puja,Central Kolkata,Big,22.5681,88.3375,,,,
central-kolkata-200,Pallir Yubak Brinda Durga Puja,Central Kolkata,Small,22.5631,88.3576,,,,
central-kolkata-202,Shishu Palan Foundation,Central Kolkata,Medium,22.5814,88.3672,,,,
central-kolkata-203,Wellington Nagarik Kalyan Samity Durga Puja,Central Kolkata,Small,22.5597,88.3609,,,,
west-kolkata-205,7er Pally Sarbojanin Durga Puja Committee,West Kolkata,Medium,22.578,88.3037,,,,
west-kolkata-208,Barisha Kumarpara Youngs' Club Durga Puja,West Kolkata,Medium,22.6026,88.3056,,,,
west-kolkata-209,Barisha Maitree Sangha Durgotsab,West Kolkata,Medium,22.5903,88.2996,,,,
west-kolkata-210,Barisha Milani Sangha Durga Puja,West Kolkata,Small,22.5708,88.3252,,,,
west-kolkata-213,Barisha Saterpalli Sammilani Durga Puja,West Kolkata,Small,22.5992,88.3176,,,,
west-kolkata-215,Behala Arunoday Samity,West Kolkata,Medium,22.5983,88.3225,,,,
west-kolkata-216,Behala Buroshibtala Janakalyan Sangha Durga Puja,West Kolkata,Small,22.5684,88.2956,,,,
west-kolkata-217,Behala Debdaru Fatak Durga Puja,West Kolkata,Medium,22.5662,88.3141,,,,
west-kolkata-219,Behala Mukul Sangha Durgotsab,West Kolkata,Small,22.6004,88.3145,,,,
west-kolkata-220,Bishalaxmitala Sarbojanin Durga Puja,West Kolkata,Medium,22.5905,88.3027,,,,
west-kolkata-221,Genexx Valley Durga Puja,West Kolkata,Medium,22.5833,88.3077,,,,
west-kolkata-222,Haridevpur New Sporting Club Durga Puja,West Kolkata,Small,22.6056,88.2896,,,,
west-kolkata-223,Haru Chandra Sporting Club,West Kolkata,Medium,22.6012,88.3152,,,,
west-kolkata-224,Jayasree Sarbojanin Durgotsab Samity,West Kolkata,Medium,22.5646,88.303,,,,
west-kolkata-225,Joyrampur Sarbojanin Durga Puja Committee,West Kolkata,Small,22.575,88.3157,,,,
west-kolkata-228,Palli Asar Sporting Club Durga Puja,West Kolkata,Small,22.6039,88.3047,,,,
west-kolkata-231,Sahapur Colony East Durga Puja,West Kolkata,Small,22.5872,88.3028,,,,
west-kolkata-232,Sahapur Friends Association Sarbojanin,West Kolkata,Medium,22.5818,88.2969,,,,
west-kolkata-233,Sahapur Mitali Sangha Durga Puja,West Kolkata,Medium,22.5665,88.2903,,,,
west-kolkata-234,Sahapur Nabashakti Sangha Durga Puja,West Kolkata,Small,22.5914,88.3067,,,,
west-kolkata-235,Sahapur Panchabatitala Sammilani Durga Puja,West Kolkata,Medium,22.5853,88.3074,,,,
west-kolkata-237,Shyam Sunder Pallybasi Brinda,West Kolkata,Small,22.6028,88.2935,,,,
west-kolkata-238,Sreemapally Sarbojanin Durga Puja,West Kolkata,Medium,22.5741,88.3006,,,,
west-kolkata-241,Taratala Milantirtha Institute,West Kolkata,Medium,22.5902,88.3123,,,,
east-kolkata-242,Beleghata Sarkar Bazar Durga Puja,East Kolkata,Small,22.5888,88.4206,,,,
east-kolkata-245,Jawpur Bayam Samity Durga Puja,East Kolkata,Small,22.5489,88.413,,,,
east-kolkata-251,Purbanchal Prabhati Sangha Durga Puja,East Kolkata,Small,22.5694,88.4027,,,,
east-kolkata-252,Sixemes Cooperative Housing Durgotsav,East Kolkata,Medium,22.5722,88.4187,,,,
east-kolkata-256,BJ Block Saradotsav Committee,East Kolkata,Medium,22.5597,88.4125,,,,